<?xml version="1.0" encoding="UTF-8"?>
<LightningComponentBundle xmlns="http://soap.sforce.com/2006/04/metadata">
    <apiVersion>52.0</apiVersion>
    <isExposed>true</isExposed>
    <targets>
      <target>lightning__AppPage</target>
      <target>lightning__RecordPage</target>
      <target>lightning__HomePage</target>
    </targets>
    <targetConfigs>
      <targetConfig targets="lightning__RecordPage,lightning__AppPage,lightning__HomePage">
        <!-- <property name="label" type="String" default="Object Name"></property> -->
        <property name="label" type="String" datasource="Account,Contact,Case" default="Account"></property>
      </targetConfig>
    </targetConfigs>
</LightningComponentBundle>